Country,Country_Subdivision_Primary,Country_Subdivision_Secondary,Spend_USD,Spend_EUR,Spend_INR,Spend_BGN,Spend_HRK,Spend_CZK,Spend_DKK,Spend_HUF,Spend_PLN,Spend_RON,Spend_SEK,Spend_GBP,Spend_NZD
AT,,,1152600,1038750,81612000,2031750,7709300,26819000,7755500,343530000,4500000,4941900,11110500,913450,1790600
BE,,,448400,400250,31355000,782850,2970800,10315000,2988500,130192500,1721600,1905975,4292250,348800,682000
BG,,,11300,10100,796250,19750,75100,260000,75500,3315000,43400,48075,108000,8800,17400
CY,,,7000,6300,492500,12325,46800,162000,47000,2047500,27100,30000,67500,5500,10800
CZ,,,87900,77850,6270750,152250,580500,2019000,581000,25987500,337800,372525,827250,68300,134200
DE,,,1117300,998650,78945000,1953400,7428900,25735000,7456000,329385000,4306900,4763025,10688250,872450,1718200
DK,,,703200,626900,49260000,1226200,4656600,16161000,4681000,204435000,2693800,2983125,6684750,549800,1070400
EE,,,24000,21450,1679000,41950,159200,552000,160000,6975000,92200,102075,230250,18650,36600
ES,,,1188300,1066450,83668750,2085875,7926700,27376000,7965000,349185000,4569800,5077500,11346750,925200,1827200
FI,,,237600,211450,16499000,413550,1570900,5437000,1578500,68235000,908000,1006275,2228250,182950,355000
FR,,,22500,20100,1621000,39300,149900,522000,150000,6727500,87400,96150,214500,17650,34800
GB,,,1691900,1526850,120418250,2986250,11357000,39000000,11409000,506197500,6544600,7291350,16109250,1295500,2597000
GR,,,1196600,1062400,83091750,2078200,7871700,27193000,7931500,344355000,4535300,5033925,11295750,942400,1810800
HR,,,274400,244950,20186500,479050,1840000,6428000,1827000,84112500,1075000,1178700,2578500,217100,421600
HU,,,106400,95900,7524000,187575,712400,2469000,716000,31687500,413100,456600,1026750,83850,165000
IE,,,95000,86150,6765250,168425,641300,2171000,643500,28935000,368500,410775,913500,73250,146800
IN,IN-AN,,5600,5050,395500,9900,37500,130000,38000,1627500,21700,24075,54000,4350,8600
IN,IN-AP,,737300,656300,50961500,1283650,4875500,16875000,4899500,210352500,2818000,3121500,6844500,563350,1088000
IN,IN-AR,,5600,5050,396500,9925,37600,130000,38000,1635000,21800,24150,54000,4400,8600
IN,IN-AS,,21200,18900,1480250,36950,140300,485000,141000,6067500,81000,89850,198750,16300,31600
IN,IN-BR,,204500,182400,14301750,356800,1353500,4686000,1362000,58995000,783300,868125,1944750,157400,308400
IN,IN-CH,,107100,95550,7484500,186850,708700,2454000,713000,30832500,410000,454575,1017000,82450,161400
IN,IN-CT,,15500,13850,1084500,27075,102700,356000,103500,4455000,59400,65850,146250,11950,23200
IN,IN-DD,,5800,5200,406250,10150,38500,134000,39000,1672500,22300,24675,54750,4500,8800
IN,IN-DL,,902100,812800,63804000,1589825,6046300,20596000,6072000,269460000,3477400,3876225,8615250,692500,1376200
IN,IN-DN,,5800,5200,407500,10175,38600,134000,39000,1680000,22400,24750,55500,4500,8800
IN,IN-GA,,6700,6000,468500,11700,44400,154000,44500,1927500,25700,28500,63750,5150,10000
IN,IN-GJ,,108600,96550,7565750,188800,717200,2477000,720500,30975000,413700,459300,1013250,83300,161800
IN,IN-HP,,42700,38100,2983500,74525,282700,979000,284500,12285000,163500,181350,405000,32900,64400
IN,IN-HR,,143100,127850,10006000,250125,949200,3277000,954500,41437500,548300,608550,1357500,110000,215600
IN,IN-JH,,25500,22800,1785000,44550,169200,585000,170000,7350000,97700,108450,240750,19650,38400
IN,IN-JK,,15800,14150,1106250,27625,104900,363000,105500,4537500,60600,67200,149250,12200,23800
IN,IN-KA,,47800,42550,3333750,83200,316000,1091000,317500,13657500,182600,202350,447000,36650,71000
IN,IN-KL,,33800,30050,2353250,58800,223400,772000,224500,9637500,128800,143025,315750,25950,50400
IN,IN-LD,,5600,5000,393000,9825,37300,129000,37500,1620000,21600,23925,53250,4350,8400
IN,IN-MH,,428400,384300,30341500,751625,2857200,9869000,2870000,126150000,1647500,1827750,4116000,331900,663000
IN,IN-ML,,5900,5300,413750,10350,39200,136000,39500,1702500,22700,25125,56250,4550,8800
IN,IN-MN,,7300,6550,511000,12775,48400,168000,48500,2100000,28000,31050,69000,5650,11000
IN,IN-MP,,201900,179950,14105250,351950,1335900,4623000,1343500,57952500,772100,856275,1905750,155500,303200
IN,IN-MZ,,5700,5150,403500,10100,38300,133000,38500,1665000,22200,24525,54750,4450,8600
IN,IN-NL,,5700,5100,399750,10000,37900,132000,38000,1650000,21900,24300,54000,4400,8600
IN,IN-OR,,26400,23600,1849500,46125,175100,606000,176000,7590000,101300,112200,249000,20350,39600
IN,IN-PB,,96900,86400,6766000,169025,641100,2220000,645000,27885000,370700,411150,918750,74600,145800
IN,IN-PY,,6100,5450,427500,10700,40600,141000,41000,1762500,23500,26025,57750,4700,9200
IN,IN-RJ,,203100,181000,14152750,354100,1343900,4646000,1351500,58290000,776000,861300,1911750,156000,304200
IN,IN-SK,,5600,5050,396750,9925,37600,131000,38000,1635000,21800,24150,54000,4400,8600
IN,IN-TG,,298100,265150,20634750,518600,1969400,6812000,1979500,84960000,1138300,1260825,2767500,227850,440200
IN,IN-TN,,666100,588450,46355500,1151050,4376600,15099000,4391500,189697500,2521600,2802900,6155250,509200,987400
IN,IN-TR,,6700,6000,469000,11725,44400,154000,44500,1927500,25700,28500,63750,5150,10000
IN,IN-UP,,276300,246650,19309750,482500,1831300,6322000,1841500,79717500,1057800,1173750,2610000,212150,414600
IN,IN-UT,,11800,10500,824500,20575,78100,270000,78500,3397500,45100,50025,111750,9050,17600
IN,IN-WB,,234900,209950,16469250,410650,1558800,5410000,1567500,68092500,903400,999675,2242500,181550,356200
IT,,,367600,325000,26189500,635775,2422700,8423000,2425000,108727500,1409400,1555275,3450750,286350,559600
LT,,,53000,46300,3809250,90525,345700,1205000,345000,15667500,201800,222000,488250,41050,80400
LU,,,1500,1300,103250,2575,9700,34000,10000,427500,5700,6225,14250,1150,2200
LV,,,15200,13350,1107500,26125,99900,349000,99500,4530000,58400,64125,141000,11850,23400
MT,,,600,550,42250,1050,4000,14000,4000,172500,2300,2550,6000,450,1000
NL,,,134400,118900,9596250,232600,886700,3086000,887500,39690000,516200,568875,1266000,105150,206400
NZ,,,76400,65000,5663750,127175,489300,1714000,484000,22965000,287800,314925,672750,58650,115200
PL,,,1042900,938300,75597000,1835250,7008900,24507000,7002000,317325000,4108200,4488975,10015500,834900,1629400
PT,,,2000,1800,144250,3550,13500,47000,13500,600000,7800,8700,19500,1550,3200
RO,,,1126000,1003750,80326000,1963325,7478600,25954000,7492500,334650000,4342400,4794975,10699500,879000,1739200
SE,,,98100,87600,6882500,171325,651000,2263000,654000,28665000,377400,417450,938250,76950,150000
SI,,,8500,7600,606750,14900,56700,197000,57000,2520000,33000,36375,81750,6700,13000
SK,,,1259400,1143750,89712250,2236975,8513500,28949000,8544000,382312500,4896400,5466075,12116250,973150,1947600
US,US-AK,AK-AT LARGE,414400,365450,30107500,714800,2733600,9508000,2726000,124050000,1594000,1749825,3839250,323200,636000
US,US-AL,AL-1,513500,455200,37325000,890300,3403600,11755000,3396500,154507500,1977400,2181150,4779000,398450,789400
US,US-AL,AL-2,459900,406950,33277000,795975,3040700,10508000,3036500,137805000,1767700,1946625,4269750,356100,705200
US,US-AL,AL-3,492300,435750,35810250,852300,3258900,11260000,3251000,148027500,1893900,2088375,4572000,381700,756400
US,US-AL,AL-4,528900,470950,38352000,921075,3519500,12102000,3514500,159787500,2040400,2257500,4950000,409500,815200
US,US-AL,AL-5,559700,495750,40700250,969625,3707400,12807000,3699000,168390000,2154400,2376225,5205000,434200,861000
US,US-AL,AL-6,794500,703800,57813500,1376550,5264400,18194000,5251000,239205000,3060100,3374475,7389750,616750,1222600
US,US-AL,AL-7,412400,367000,29887500,717800,2741900,9449000,2739000,124035000,1590600,1756725,3856500,320000,634600
US,US-AR,AR-1,387200,346050,28124250,676800,2587600,8940000,2582500,117255000,1503600,1656825,3648000,301700,599800
US,US-AR,AR-2,688300,612500,49932250,1197950,4577100,15815000,4570500,206782500,2659200,2925975,6441750,535100,1062200
US,US-AR,AR-3,609500,545300,44254000,1066550,4077400,14075000,4070500,184747500,2368300,2611650,5751000,474950,944800
US,US-AR,AR-4,372100,332450,27012750,650200,2485600,8583000,2481000,112635000,1444000,1591950,3503250,289750,576200
US,US-AZ,AZ-1,1866400,1630500,136631750,3189225,12196800,42445000,12157500,552450000,7114300,7778550,17021250,1445450,2853600
US,US-AZ,AZ-2,1362000,1191150,99693500,2329775,8902900,30979000,8882500,401175000,5189400,5666475,12436500,1055100,2085600
US,US-AZ,AZ-3,1311400,1143000,96220000,2235675,8554900,29786000,8521500,388372500,4992900,5458575,11918250,1014850,2003000
US,US-AZ,AZ-4,1839700,1608800,134928250,3146750,12042100,41939000,11995000,546525000,7029600,7684200,16800000,1426450,2816200
US,US-AZ,AZ-5,1322200,1154850,97001250,2258900,8644500,30108000,8610500,392205000,5045900,5514075,12053250,1024650,2022800
US,US-AZ,AZ-6,2113900,1849100,155055500,3616750,13840800,48208000,13787000,627600000,8078800,8829150,19306500,1639950,3235400
US,US-AZ,AZ-7,2726600,2380650,199663000,4656375,17795100,61878000,17751000,803055000,10368000,11334675,24820500,2109000,4160200
US,US-AZ,AZ-8,1554800,1357750,114063500,2655675,10162900,35388000,10123000,461190000,5931500,6484050,14171250,1204550,2377800
US,US-AZ,AZ-9,1456300,1273550,106718000,2491050,9530200,33161000,9496500,431610000,5558400,6077475,13302750,1128650,2229800
US,US-CA,CA-1,500600,443450,36441500,867300,3317100,11503000,3308500,150382500,1931100,2124300,4662000,390000,770800
US,US-CA,CA-10,1045100,918100,76016500,1795700,6844800,23703000,6849500,304912500,3974000,4343400,9599250,808000,1600000
US,US-CA,CA-11,776000,688700,56377250,1347025,5149900,17802000,5139000,233505000,2993400,3299475,7241250,603450,1196200
US,US-CA,CA-12,1632600,1461000,117949500,2857450,10907800,37495000,10906000,492525000,6315600,6991725,15390000,1267300,2518000
US,US-CA,CA-13,1003000,891100,72801750,1742875,6660900,23014000,6649500,301515000,3869000,4267500,9374250,780000,1545400
US,US-CA,CA-14,727800,646100,52893000,1263700,4831100,16695000,4821000,219007500,2807400,3096000,6794250,566000,1122000
US,US-CA,CA-15,648500,575750,47165250,1126125,4306300,14889000,4296000,195307500,2503200,2759325,6054000,504450,1000000
US,US-CA,CA-16,432700,384550,31371750,752125,2872500,9922000,2870000,129720000,1667400,1838925,4043250,336150,665400
US,US-CA,CA-17,1287400,1148800,93398250,2246850,8586700,29605000,8574500,388837500,4983500,5504475,12099000,1000950,1991600
US,US-CA,CA-18,899200,797200,65439250,1559200,5963000,20639000,5948000,270540000,3468500,3820575,8380500,700000,1386000
US,US-CA,CA-19,600000,533450,43609750,1043325,3988800,13784000,3980500,180787500,2317800,2556000,5611500,466800,926000
US,US-CA,CA-2,725800,643500,52820750,1258575,4813700,16668000,4801000,218512500,2801000,3084300,6765750,565100,1119200
US,US-CA,CA-20,642000,570800,46607500,1116450,4267100,14740000,4259500,193305000,2478800,2733975,6006000,499450,989800
US,US-CA,CA-21,585000,516700,42573500,1010625,3860900,13372000,3855000,174457500,2245100,2467125,5415000,453600,897000
US,US-CA,CA-22,640900,568100,46607500,1111150,4245400,14692000,4239000,191700000,2467400,2715000,5966250,498100,986200
US,US-CA,CA-23,403900,358350,29364750,700950,2678400,9274000,2674000,120982500,1557600,1713075,3765000,314250,622000
US,US-CA,CA-24,636500,564600,46284500,1104275,4222200,14610000,4212500,191355000,2455100,2704650,5936250,495250,980800
US,US-CA,CA-25,1088200,962100,79686250,1881775,7189100,25044000,7177500,322425000,4194200,4567875,10092750,846550,1683000
US,US-CA,CA-26,657100,582200,47823250,1138675,4352000,15063000,4344000,196755000,2530200,2783400,6114000,510850,1012000
US,US-CA,CA-27,647800,575500,47068250,1125600,4302200,14870000,4294500,194730000,2499800,2755800,6052500,503850,998800
US,US-CA,CA-28,915200,812250,66517500,1588650,6072400,21000000,6061000,274747500,3528800,3888600,8541000,712050,1410400
US,US-CA,CA-29,831800,742100,60263750,1451475,5543800,19104000,5539000,250477500,3214800,3551025,7812750,646450,1283800
US,US-CA,CA-3,490500,435600,35661000,851950,3257400,11271000,3250000,147555000,1894000,2086575,4581750,381950,756400
US,US-CA,CA-30,784200,694750,57031750,1358875,5192500,17969000,5184000,234510000,3018300,3320550,7299750,609600,1208400
US,US-CA,CA-31,676700,599750,49278750,1173075,4480100,15505000,4475500,201780000,2602300,2861925,6295500,525600,1042400
US,US-CA,CA-32,462800,410500,33633750,802900,3067300,10604000,3063000,138405000,1781400,1961250,4311000,359450,712000
US,US-CA,CA-33,1012000,897450,73610250,1755325,6712100,23221000,6696000,304335000,3902700,4300425,9436500,787450,1560000
US,US-CA,CA-34,801400,714400,58030750,1397225,5335600,18387000,5332000,240892500,3093500,3417975,7515750,622300,1234200
US,US-CA,CA-35,620900,553800,45067000,1083125,4138700,14288000,4133500,186967500,2401700,2649525,5829000,482950,958200
US,US-CA,CA-36,679000,603400,49381000,1180150,4512400,15613000,4502500,204435000,2623900,2889900,6346500,528400,1047600
US,US-CA,CA-37,694700,617200,50601250,1207200,4618100,15978000,4605500,209407500,2685500,2958450,6491250,541200,1072200
US,US-CA,CA-38,480500,427500,34888250,836100,3195100,11034000,3190500,144465000,1855400,2045550,4497000,373650,741600
US,US-CA,CA-39,1080700,946900,78556500,1852025,7054700,24440000,7064000,312960000,4094000,4467675,9884250,834050,1649200
US,US-CA,CA-4,703000,621850,51246000,1216250,4652900,16130000,4639000,211267500,2709500,2979750,6530250,547250,1082200
US,US-CA,CA-40,421100,374900,30555500,733225,2801800,9665000,2798000,126720000,1625500,1794600,3942750,327200,648800
US,US-CA,CA-41,542500,482800,39359250,944250,3607900,12464000,3603000,163057500,2094700,2310900,5079750,422050,835800
US,US-CA,CA-42,538900,478450,39231250,935800,3578400,12385000,3570000,162142500,2081200,2291550,5029500,419450,831200
US,US-CA,CA-43,1352400,1209850,97699250,2366250,9032500,31062000,9032000,407835000,5231400,5789700,12747750,1049850,2087200
US,US-CA,CA-44,462000,411300,33522000,804425,3073800,10601000,3069500,139102500,1783200,1969200,4326000,358850,712000
US,US-CA,CA-45,1630400,1434800,118338000,2806325,10695300,37029000,10705000,476497500,6205800,6789375,15022500,1262600,2494600
US,US-CA,CA-46,574500,507650,41673500,992875,3788400,13091000,3788000,169875000,2198300,2413950,5326500,445350,882400
US,US-CA,CA-47,647600,574400,47084500,1123500,4294000,14857000,4286000,194227500,2495800,2748375,6037500,503650,997200
US,US-CA,CA-48,1400600,1230600,102092500,2406900,9185800,31849000,9179500,412027500,5340700,5845425,12872250,1084550,2145800
US,US-CA,CA-49,1002400,886350,73017250,1733575,6622800,22937000,6613000,298747500,3850800,4230225,9299250,778800,1542200
US,US-CA,CA-5,628900,558600,45719250,1092550,4177300,14443000,4168000,189435000,2428400,2676600,5874750,489300,970000
US,US-CA,CA-50,701700,624000,51045000,1220475,4665700,16114000,4656500,211335000,2710800,2987700,6561000,545750,1083600
US,US-CA,CA-51,584000,520800,42278250,1018575,3889500,13407000,3887000,175620000,2255000,2491350,5481000,453650,899800
US,US-CA,CA-52,916900,815050,66606500,1594125,6092800,21052000,6082000,275850000,3539600,3902850,8571750,713150,1413400
US,US-CA,CA-53,736500,656000,53377250,1283075,4901300,16902000,4896000,221602500,2843700,3140025,6903000,572200,1136000
US,US-CA,CA-6,1131500,1006450,82076750,1968525,7521900,25995000,7510500,340095000,4369100,4816050,10587750,880950,1741800
US,US-CA,CA-7,664000,587150,48375500,1148375,4388700,15203000,4380500,198277500,2552900,2805075,6165000,516050,1022800
US,US-CA,CA-8,660600,586900,48067000,1147925,4389300,15192000,4379500,198810000,2552400,2810550,6172500,514250,1019200
US,US-CA,CA-9,539700,480050,39219500,938925,3588800,12397000,3582500,162540000,2084500,2298825,5048250,419550,832000
US,US-CO,CO-1,2802500,2481500,204050750,4853525,18553600,64204000,18514000,840135000,10784100,11868975,26047500,2177350,4305400
US,US-CO,CO-2,1153600,1019350,84128500,1993750,7626500,26432000,7604000,346230000,4439900,4881225,10696500,897150,1774200
US,US-CO,CO-3,850900,750550,62069750,1468000,5614900,19469000,5598500,254940000,3269300,3592725,7869750,660900,1306600
US,US-CO,CO-4,1035900,912950,75713250,1785650,6834800,23722000,6809000,311032500,3983000,4374900,9569250,805150,1590800
US,US-CO,CO-5,910600,805150,66370750,1574750,6023300,20874000,6006000,273427500,3506000,3855525,8451000,708150,1400200
US,US-CO,CO-6,1564300,1372600,114524000,2684675,10265600,35644000,10237000,464242500,5979700,6545850,14363250,1213950,2399400
US,US-CO,CO-7,1041400,915850,76306750,1791275,6857600,23823000,6830000,312007500,3998900,4386225,9587250,809550,1598200
US,US-CT,CT-1,509100,451100,37093500,882325,3375200,11729000,3365500,152835000,1967200,2159625,4745250,397950,785200
US,US-CT,CT-2,478000,422500,34845500,826350,3161500,10986000,3151500,143377500,1842800,2023650,4439250,372850,736000
US,US-CT,CT-3,450900,398900,32798500,780225,2983400,10358000,2976000,134962500,1737600,1908900,4191750,351650,693800
US,US-CT,CT-4,577800,511150,42048750,999800,3823400,13267000,3813500,173160000,2225800,2446500,5370000,450200,888600
US,US-CT,CT-5,450900,398700,32836250,779850,2983200,10367000,2974500,135157500,1738600,1908675,4188750,351700,694000
US,US-DC,DC-AT LARGE,2560500,2276100,184697500,4451725,16982600,58692000,16987500,761647500,9850700,10857600,23955000,1991800,3929200
US,US-DE,DE-AT LARGE,803800,705700,58585000,1380350,5282700,18379000,5262500,239842500,3081400,3377700,7397250,626000,1232600
US,US-FL,FL-1,931900,817800,68094000,1599550,6117500,21290000,6098500,277057500,3568700,3904200,8556750,724350,1427200
US,US-FL,FL-10,2314800,2036950,168400500,3984175,15217600,52897000,15193000,685110000,8866900,9691050,21336750,1799500,3548400
US,US-FL,FL-11,1034500,909500,75561250,1779000,6806000,23697000,6783000,308557500,3972200,4346400,9532500,804950,1588600
US,US-FL,FL-12,1115400,980800,81551750,1918425,7340500,25565000,7314500,332745000,4284800,4686300,10278750,868000,1713400
US,US-FL,FL-13,1077300,946000,78691250,1850300,7078100,24627000,7054500,321022500,4129400,4521450,9907500,837450,1652400
US,US-FL,FL-14,1714500,1505550,125024500,2944800,11254900,39151000,11228000,507667500,6561100,7171725,15750000,1332100,2624200
US,US-FL,FL-15,1066600,936550,78060250,1831900,7010700,24422000,6984000,318007500,4093200,4475025,9806250,829750,1638200
US,US-FL,FL-16,1227200,1078850,89597250,2110150,8070900,28083000,8046000,365475000,4708000,5151150,11301750,954600,1883200
US,US-FL,FL-17,906600,796800,65945750,1558525,5958600,20727000,5942500,269385000,3474200,3800475,8351250,704950,1389800
US,US-FL,FL-18,1172400,1029250,85652500,2013125,7694900,26766000,7676000,347235000,4485400,4903275,10764750,909900,1796000
US,US-FL,FL-19,1434700,1263500,104831750,2471375,9454800,32886000,9423500,428475000,5515000,6037650,13247250,1115950,2205600
US,US-FL,FL-2,767100,673150,55990500,1316625,5035600,17513000,5020000,228240000,2937000,3215025,7047750,596000,1175600
US,US-FL,FL-20,887700,775350,65041750,1516575,5803200,20200000,5781000,263512500,3386800,3704775,8097000,687700,1357600
US,US-FL,FL-21,1098000,965150,80310250,1887775,7223800,25139000,7197500,327765000,4215200,4613250,10113000,853900,1686800
US,US-FL,FL-22,1340100,1177650,97978000,2303425,8813800,30661000,8782500,399982500,5141900,5629800,12337500,1041850,2057600
US,US-FL,FL-23,1154900,1012550,84563750,1980550,7579800,26388000,7550500,344107500,4424300,4840125,10596000,897000,1771800
US,US-FL,FL-24,2131400,1870600,155905000,3658800,13988200,48652000,13950000,632272500,8156600,8917350,19558500,1655350,3263200
US,US-FL,FL-25,1288900,1139150,95042500,2228275,8548300,29941000,8495500,389602500,5012800,5454900,11977500,1008300,2005000
US,US-FL,FL-26,1232600,1076650,90281500,2105900,8046700,28016000,8028000,362685000,4692000,5118525,11242500,953350,1887000
US,US-FL,FL-27,2143100,1882250,156775500,3681625,14075200,49003000,14037500,634777500,8209900,8961450,19686750,1664900,3287200
US,US-FL,FL-3,1157600,1015800,84574000,1986900,7600100,26440000,7575000,344535000,4433900,4852275,10635750,899300,1775800
US,US-FL,FL-4,1503200,1320150,109831750,2582200,9873600,34347000,9845500,446535000,5757900,6297900,13818750,1167900,2304400
US,US-FL,FL-5,606300,530000,44323000,1036725,3965500,13792000,3952000,179955000,2312900,2531850,5538750,469750,926600
US,US-FL,FL-6,1381100,1210750,100597500,2368125,9045700,31467000,9029500,406845000,5269300,5754900,12669750,1072450,2114400
US,US-FL,FL-7,1341500,1177850,98041000,2303800,8812600,30677000,8783500,398947500,5141100,5622750,12333000,1043650,2057000
US,US-FL,FL-8,1163000,1022800,84924000,2000500,7652200,26623000,7628000,346792500,4463600,4886025,10718250,904900,1785400
US,US-FL,FL-9,1435500,1259800,105088000,2464175,9432500,32877000,9394000,428160000,5509800,6019800,13195500,1116750,2206400
US,US-GA,GA-1,602200,529050,44026500,1034825,3961800,13763000,3945500,180705000,2311100,2538375,5541000,467400,924000
US,US-GA,GA-10,630400,552050,46222500,1079800,4136000,14372000,4116000,189217500,2414500,2651775,5772000,488550,966400
US,US-GA,GA-11,747000,654500,54828500,1280150,4902200,17051000,4880000,223642500,2862500,3138750,6840750,579500,1145800
US,US-GA,GA-12,527900,463100,38631250,905850,3469400,12041000,3453500,158655000,2023400,2224275,4846500,409100,809800
US,US-GA,GA-13,1158300,1012550,85019250,1980500,7588800,26398000,7548500,347625000,4433100,4865700,10581750,897800,1775000
US,US-GA,GA-14,543800,477200,39879750,933350,3575300,12431000,3558000,163537500,2087900,2292000,4992000,422100,834600
US,US-GA,GA-2,530900,465900,38870000,911250,3490400,12127000,3474000,159547500,2036800,2236650,4877250,411800,815000
US,US-GA,GA-3,697100,609750,51166500,1192650,4569400,15889000,4546000,209317500,2669000,2930625,6372000,540450,1068200
US,US-GA,GA-4,788400,689350,57834250,1348375,5165500,17951000,5139500,236362500,3015300,3310650,7202250,610600,1207400
US,US-GA,GA-5,2217800,1963550,161269500,3840450,14684600,50683000,14648500,667785000,8531400,9409350,20604000,1719900,3403200
US,US-GA,GA-6,1898900,1672750,138824500,3271775,12510100,43435000,12477000,565582500,7291200,7985100,17508750,1474050,2922400
US,US-GA,GA-7,1125100,986250,82661750,1929050,7390400,25733000,7353000,337425000,4318500,4730625,10306500,873400,1727400
US,US-GA,GA-8,419900,368600,30702000,720925,2760400,9580000,2748500,126037500,1609500,1768875,3858000,325450,644000
US,US-GA,GA-9,738900,645700,54307750,1262925,4837800,16838000,4813500,221505000,2827600,3103575,6743250,572850,1131800
US,US-HI,HI-1,411400,363650,29994500,711300,2720200,9458000,2713000,122970000,1585200,1739175,3821250,321050,633400
US,US-HI,HI-2,349600,309400,25473500,605125,2314300,8042000,2308000,104752500,1348500,1480800,3252000,272850,538800
US,US-IA,IA-1,3188600,2831500,230790500,5538175,21139800,73057000,21131500,956257500,12264300,13547400,29799000,2473000,4888800
US,US-IA,IA-2,2834500,2516950,204860750,4923025,18788500,64904000,18784000,850852500,10899800,12049950,26506500,2199050,4345800
US,US-IA,IA-3,3694000,3278100,267008250,6411750,24466200,84504000,24464500,1105935000,14187000,15677475,34512750,2863850,5662400
US,US-IA,IA-4,2220800,1967850,160859250,3849025,14696000,50779000,14685000,665422500,8525600,9418500,20684250,1719200,3399400
US,US-ID,ID-1,467900,414500,34128000,810700,3102600,10784000,3092000,140827500,1809400,1986600,4358250,365500,722200
US,US-ID,ID-2,475000,420450,34627250,822375,3146300,10927000,3136500,142672500,1833600,2014500,4417500,370800,731600
US,US-IL,IL-1,498700,442100,36228500,864750,3306300,11431000,3299000,149797500,1921000,2117025,4648500,387650,767600
US,US-IL,IL-10,495100,438600,36018000,857900,3280900,11351000,3272500,148725000,1907500,2100225,4609500,384900,762600
US,US-IL,IL-11,552600,489000,40204500,956500,3657500,12655000,3648500,165615000,2126100,2339250,5136750,429450,850400
US,US-IL,IL-12,615400,542800,44746000,1061650,4050700,14021000,4050000,181320000,2352200,2577525,5683500,476900,944000
US,US-IL,IL-13,640700,565500,46578000,1106100,4224000,14623000,4219000,190072500,2454600,2694900,5925000,496650,982400
US,US-IL,IL-14,982900,869050,71496500,1699825,6488000,22456000,6485000,290917500,3766100,4135200,9111750,762050,1509800
US,US-IL,IL-15,384800,340900,27938750,666825,2547700,8816000,2544000,114967500,1480700,1628475,3580500,299100,591800
US,US-IL,IL-16,483800,428700,35147250,838550,3205300,11089000,3199000,145035000,1863100,2050575,4504500,376000,744400
US,US-IL,IL-17,357600,317050,25952500,620100,2370400,8199000,2365500,107415000,1377600,1518000,3333000,277850,550200
US,US-IL,IL-18,351800,311900,25559000,610050,2332000,8070000,2327000,105532500,1355800,1491900,3278250,273550,541600
US,US-IL,IL-2,600500,532200,43550250,1040950,3978800,13758000,3971000,180007500,2311700,2546175,5595000,466700,924200
US,US-IL,IL-3,720500,640850,52318750,1253425,4793400,16546000,4782500,217117500,2782400,3069525,6750000,560550,1113400
US,US-IL,IL-4,690600,616050,49998500,1204875,4603200,15835000,4598000,208357500,2666800,2948175,6482250,535900,1062800
US,US-IL,IL-5,829600,736050,60260000,1439700,5505000,19034000,5492500,249142500,3198100,3524175,7745250,645550,1278400
US,US-IL,IL-6,742000,653100,53930500,1277375,4874000,16889000,4872000,218107500,2831400,3099225,6835500,574900,1136200
US,US-IL,IL-7,1496800,1333200,108479750,2607625,9966800,34384000,9950500,449685000,5782500,6377625,14041500,1164200,2309000
US,US-IL,IL-8,834300,739300,60623250,1445975,5526900,19111000,5516500,249465000,3210000,3532125,7773750,648700,1285800
US,US-IL,IL-9,895400,794250,65064750,1553525,5940500,20547000,5926500,269092500,3452700,3803850,8356500,696850,1380400
US,US-IN,IN-1,596400,523300,43377500,1023500,3902300,13559000,3903500,173700000,2269100,2474925,5469000,462400,912000
US,US-IN,IN-2,659400,577800,47824750,1130150,4304600,14943000,4310500,190920000,2500400,2727900,6037500,510400,1005800
US,US-IN,IN-3,686600,601500,49885250,1176500,4481400,15566000,4487000,198600000,2603600,2836800,6278250,531400,1047400
US,US-IN,IN-4,703300,616300,51097000,1205425,4593000,15950000,4597500,204007500,2669300,2910675,6438000,544750,1073800
US,US-IN,IN-5,902800,790700,65599500,1546550,5896100,20487000,5898000,262440000,3428200,3738450,8259000,699450,1378600
US,US-IN,IN-6,685300,600400,49765750,1174300,4474500,15537000,4478500,198735000,2599800,2835150,6272250,530550,1045800
US,US-IN,IN-7,714400,626550,51935000,1225500,4670700,16224000,4674000,207525000,2714600,2961225,6546750,553650,1091200
US,US-IN,IN-8,587700,514650,42633250,1006625,3834600,13317000,3839000,170175000,2228200,2428950,5375250,455200,896400
US,US-IN,IN-9,874100,767250,63532500,1500675,5720200,19869000,5723500,254647500,3325500,3629775,8023500,678050,1336400
US,US-KS,KS-1,392100,343600,28725500,672025,2571600,8953000,2562000,116977500,1501700,1646325,3594000,304650,600600
US,US-KS,KS-2,815800,713100,59407250,1394725,5320100,18487000,5318000,237600000,3095100,3376275,7449000,631700,1245200
US,US-KS,KS-3,1131700,989900,82395500,1936200,7387600,25660000,7383000,330682500,4297700,4693050,10351500,876550,1729200
US,US-KS,KS-4,467400,409450,34265500,800900,3066100,10681000,3053000,139732500,1791500,1964100,4284000,363550,716000
US,US-KY,KY-1,686900,605250,50318250,1183875,4536600,15836000,4513500,207270000,2655000,2905875,6370500,539200,1060600
US,US-KY,KY-2,918200,809550,67244250,1583500,6068300,21180000,6037000,277102500,3550600,3886500,8520750,720550,1418200
US,US-KY,KY-3,1210100,1071450,88533250,2095675,8027200,28011000,7991000,365872500,4696400,5140800,11309250,953350,1875800
US,US-KY,KY-4,1022100,899600,75145000,1759550,6751400,23580000,6707500,309240000,3952100,4325400,9455250,800700,1578800
US,US-KY,KY-5,695800,611600,50994500,1196250,4585900,16009000,4560000,210060000,2683700,2938275,6427500,544400,1072000
US,US-KY,KY-6,1410400,1239450,102921250,2424250,9270900,32310000,9243000,418200000,5408600,5904750,12996750,1100850,2165800
US,US-LA,LA-1,624800,555700,45068000,1086875,4145000,14395000,4146500,186517500,2413500,2652975,5871750,491200,963000
US,US-LA,LA-2,572900,510000,41242750,997550,3802300,13191000,3806000,170812500,2211900,2433450,5391750,450100,882800
US,US-LA,LA-3,454600,405150,32731750,792450,3020300,10485000,3023500,135682500,1757900,1932900,4287000,357950,701600
US,US-LA,LA-4,389900,347350,28058000,679425,2589200,8987000,2592500,116280000,1506600,1656825,3675000,306850,601400
US,US-LA,LA-5,328100,292150,23633750,571425,2178100,7561000,2180000,97882500,1267700,1393800,3089250,258200,506000
US,US-LA,LA-6,442700,393950,31898500,770475,2937000,10197000,2939500,131880000,1709300,1878375,4161750,348150,682000
US,US-MA,MA-1,869700,766250,63317000,1498700,5732900,19792000,5716000,261120000,3330900,3674775,8033250,672150,1335200
US,US-MA,MA-2,739900,655250,53773750,1281600,4898900,16927000,4889000,221970000,2845800,3137325,6882000,574350,1138000
US,US-MA,MA-3,812500,719800,58957250,1407825,5378600,18563000,5371000,243225000,3121700,3441600,7562250,630400,1249200
US,US-MA,MA-4,880100,774950,64156250,1515700,5799000,20067000,5780500,263955000,3373000,3716775,8122500,681650,1350600
US,US-MA,MA-5,1006800,892500,73106250,1745600,6671600,23050000,6659500,302205000,3875400,4273425,9379500,782100,1549800
US,US-MA,MA-6,803100,711700,58356250,1392025,5321200,18387000,5310500,241177500,3091400,3408300,7478250,623800,1236200
US,US-MA,MA-7,923600,818050,66803000,1600000,6108400,21088000,6104500,275257500,3544200,3907200,8592000,716350,1416600
US,US-MA,MA-8,1509200,1347900,109288500,2636250,10070600,34641000,10061500,455805000,5832700,6454500,14192250,1170950,2327000
US,US-MA,MA-9,826500,730300,60190250,1428425,5462900,18908000,5448000,248122500,3178200,3499950,7665750,642400,1271400
US,US-MD,MD-1,448700,397250,32680000,776925,2972100,10312000,2963500,134872500,1731000,1903425,4173000,349800,690600
US,US-MD,MD-2,637400,565950,46424500,1106900,4234600,14677000,4222500,192097500,2464300,2712075,5951250,497050,983600
US,US-MD,MD-3,556200,493700,40505000,965600,3693900,12802000,3683500,167587500,2149600,2365875,5191500,433650,858000
US,US-MD,MD-4,510100,453700,37180500,887375,3396400,11786000,3385000,154072500,1977200,2175375,4772250,398200,788600
US,US-MD,MD-5,755500,674150,55350500,1318525,5054700,17628000,5029500,229935000,2951900,3236250,7095000,593000,1176600
US,US-MD,MD-6,704900,623200,51266750,1218950,4656800,16141000,4649500,209902500,2708000,2973750,6537000,547500,1083000
US,US-MD,MD-7,389800,345850,28372750,676450,2587600,8969000,2580500,117345000,1505700,1657125,3636750,303900,601200
US,US-MD,MD-8,1030800,914900,75054000,1789450,6845500,23736000,6826500,310312500,3984600,4383750,9624000,803300,1591200
US,US-ME,ME-1,2121000,1864450,156112750,3646750,13984000,48716000,13902000,640275000,8174300,8956800,19521000,1651250,3265000
US,US-ME,ME-2,1940800,1703850,142455750,3332625,12766600,44429000,12705500,582270000,7452700,8165400,17832000,1507550,2980400
US,US-MI,MI-1,887300,782050,65122250,1529625,5862800,20424000,5832000,267847500,3426500,3752550,8205000,691500,1368800
US,US-MI,MI-10,989200,873250,72670250,1708050,6548900,22809000,6512500,299595000,3828300,4193550,9162750,772050,1526400
US,US-MI,MI-11,2005500,1770650,146776750,3463350,13251500,46101000,13207500,600075000,7729500,8456025,18570750,1560800,3093200
US,US-MI,MI-12,1528300,1350150,111332500,2640750,10100600,34986000,10071500,458572500,5879000,6461250,14167500,1187450,2349000
US,US-MI,MI-13,1050500,922800,76805750,1804900,6910800,23958000,6881500,315225000,4026400,4422975,9651750,813750,1608200
US,US-MI,MI-14,1390300,1224250,101515000,2394575,9163500,31756000,9131000,416617500,5336300,5859375,12822750,1078550,2132800
US,US-MI,MI-2,1016400,898650,74509000,1757650,6734100,23420000,6702500,306952500,3930900,4308375,9438750,792000,1570200
US,US-MI,MI-3,1176700,1039800,86217000,2033800,7791900,27104000,7755500,355222500,4549100,4985925,10920750,916800,1817200
US,US-MI,MI-4,817400,722250,59878250,1412650,5413200,18838000,5386500,247185000,3161300,3465975,7588500,636850,1262800
US,US-MI,MI-5,979500,862900,71814750,1687750,6468600,22515000,6434500,295740000,3778900,4141725,9051000,762350,1509600
US,US-MI,MI-6,930600,819000,68138750,1601975,6132800,21324000,6108000,279060000,3578200,3920325,8585250,723050,1432400
US,US-MI,MI-7,932500,820900,68207250,1605650,6148500,21375000,6122000,280140000,3587300,3934950,8606250,724850,1433600
US,US-MI,MI-8,1458800,1285550,106479750,2514400,9605600,33348000,9589500,431895000,5589400,6117000,13457250,1131600,2238200
US,US-MI,MI-9,1245500,1098600,91127000,2148825,8229600,28593000,8193500,375322500,4801600,5268000,11525250,970000,1918000
US,US-MN,MN-1,1127100,987300,82255750,1931100,7366400,25539000,7364500,329332500,4280500,4677900,10306500,870600,1724000
US,US-MN,MN-2,1098900,966000,80099000,1889425,7211500,25001000,7206000,323520000,4191900,4588125,10103250,850550,1684200
US,US-MN,MN-3,906400,799500,66016750,1563725,5973200,20706000,5964500,268972500,3474800,3806850,8385750,703400,1396000
US,US-MN,MN-4,1095800,970400,79819750,1898000,7256800,25129000,7240500,328320000,4221000,4638075,10198500,852150,1691400
US,US-MN,MN-5,2241600,1984900,163044000,3882175,14832300,51313000,14809500,670335000,8622000,9482100,20832000,1740850,3447200
US,US-MN,MN-6,578000,510550,42103250,998625,3819400,13241000,3808500,173302500,2223900,2442750,5358000,449150,889200
US,US-MN,MN-7,603500,532800,43879750,1042125,3981900,13792000,3975000,179895000,2315800,2543100,5589000,468150,927200
US,US-MN,MN-8,694900,611250,50564750,1195500,4564100,15822000,4559500,205147500,2653800,2907750,6403500,538550,1065200
US,US-MO,MO-1,1832100,1611500,132623250,3151900,12011300,41531000,12023000,534547500,6965600,7618650,16866750,1417700,2800800
US,US-MO,MO-2,1016800,891150,73671000,1743000,6640900,23002000,6647500,294997500,3853700,4206450,9309750,785950,1550200
US,US-MO,MO-3,839400,737300,60781500,1442025,5495800,19025000,5500000,244575000,3189300,3483675,7713000,649700,1282200
US,US-MO,MO-4,849700,747650,61538750,1462300,5574600,19293000,5578000,248437500,3234900,3537525,7829250,658150,1299600
US,US-MO,MO-5,1361300,1201250,98484000,2349500,8957200,30946000,8963000,399652500,5193700,5688150,12588750,1054700,2084400
US,US-MO,MO-6,766800,674050,55554250,1318325,5026700,17402000,5028500,224227500,2918000,3190125,7056000,593900,1172800
US,US-MO,MO-7,938000,826150,67898750,1615875,6160600,21302000,6164000,274822500,3574000,3911325,8651250,726500,1435000
US,US-MO,MO-8,670400,589450,48550500,1152925,4394600,15212000,4397500,195727500,2550300,2787450,6169500,519250,1024600
US,US-MS,MS-1,552200,491550,39629500,961400,3663500,12657000,3669000,163702500,2122300,2335950,5167500,430700,844000
US,US-MS,MS-2,437700,389450,31447250,761650,2903500,10026000,2906500,129847500,1681500,1851525,4088250,340800,668200
US,US-MS,MS-3,637400,567800,45781000,1110500,4233100,14606000,4238000,189367500,2451100,2700300,5965500,496300,974200
US,US-MS,MS-4,662900,589050,47664000,1152100,4392200,15201000,4396000,196560000,2548000,2801325,6189750,517500,1013200
US,US-MT,MT-AT LARGE,3806400,3305350,279676000,6465175,24733500,86321000,24638000,1119472500,14452600,15735300,34425000,2949050,5805600
US,US-NC,NC-1,1155600,1012200,84617250,1979825,7584400,26335000,7547000,347647500,4425200,4867425,10583250,895050,1768400
US,US-NC,NC-10,936400,819800,68624000,1603525,6144400,21350000,6112000,281827500,3587300,3942975,8565750,725600,1432400
US,US-NC,NC-11,1318600,1160400,96806750,2269675,8703200,30307000,8652500,399067500,5088100,5581125,12154500,1026300,2029600
US,US-NC,NC-12,2228200,1966300,162310000,3845875,14707400,50925000,14666500,669682500,8562900,9423825,20604000,1728900,3418000
US,US-NC,NC-13,1094300,957550,80265500,1872925,7172600,24929000,7139500,327607500,4186000,4592325,9998250,847350,1674400
US,US-NC,NC-2,1706100,1499000,125029000,2931925,11228600,38975000,11177500,513667500,6550900,7198650,15676500,1322550,2617200
US,US-NC,NC-3,963700,844650,70627250,1652125,6332800,22034000,6297500,290535000,3700100,4063125,8837250,748200,1477000
US,US-NC,NC-4,1674700,1472800,122565750,2880725,11033400,38279000,10983000,505027500,6434200,7079250,15418500,1299450,2569200
US,US-NC,NC-5,1222200,1071150,89735500,2095100,8032100,27931000,7986000,368700000,4692800,5152725,11202750,948200,1876000
US,US-NC,NC-6,1189800,1041850,87396000,2037800,7812500,27178000,7767500,358650000,4565400,5012025,10891500,922750,1825000
US,US-NC,NC-7,1229200,1077350,90271000,2107275,8080500,28128000,8032000,371212500,4724100,5184600,11269500,954650,1886600
US,US-NC,NC-8,1288000,1125150,94471750,2200750,8432500,29314000,8387500,386977500,4925500,5410650,11746500,997350,1968600
US,US-NC,NC-9,1632800,1443750,118778500,2823925,10771400,37507000,10766000,488212500,6300500,6895650,15201000,1287000,2513800
US,US-ND,ND-AT LARGE,1085800,946150,78569250,1850550,7040600,24421000,7057000,310365000,4084600,4440600,9869250,837850,1651400
US,US-NE,NE-1,353100,312650,25743250,611525,2338600,8130000,2332500,105847500,1363200,1496100,3285750,275650,544200
US,US-NE,NE-2,757200,665900,55137500,1302500,4976400,17299000,4967000,224587500,2899400,3177075,6981000,588300,1160000
US,US-NE,NE-3,238300,211000,17345250,412650,1577200,5480000,1574000,71257500,919000,1008300,2217750,185950,367000
US,US-NH,NH-1,2477200,2218700,177715250,4339300,16534600,56740000,16566000,745027500,9552600,10592100,23419500,1923300,3812000
US,US-NH,NH-2,2178800,1950600,156428750,3814975,14537600,49903000,14564000,655170000,8401500,9312375,20590500,1691350,3354800
US,US-NJ,NJ-1,722800,639750,52684750,1251300,4785900,16617000,4772500,216697500,2787900,3060075,6723750,563100,1112800
US,US-NJ,NJ-10,615000,543900,44835750,1063800,4066300,14125000,4057500,183105000,2367200,2595375,5705250,478950,944400
US,US-NJ,NJ-11,856700,755550,62309250,1477750,5640100,19584000,5636500,252525000,3280600,3589800,7909500,665500,1312000
US,US-NJ,NJ-12,600900,530650,43765000,1037850,3966700,13774000,3958500,178845000,2309400,2532600,5566500,467750,922800
US,US-NJ,NJ-2,617100,544300,44988500,1064650,4070900,14149000,4060000,184020000,2371500,2601075,5709750,480550,947000
US,US-NJ,NJ-3,1045100,921650,75971500,1802675,6882300,23893000,6876000,308640000,4001800,4382850,9662250,812150,1601600
US,US-NJ,NJ-4,626700,553250,45670000,1082075,4135000,14362000,4127000,186270000,2407400,2638575,5799750,487650,961800
US,US-NJ,NJ-5,682900,603700,49853500,1180775,4515800,15697000,4503500,203880000,2631200,2882550,6333750,532400,1050000
US,US-NJ,NJ-6,582900,515900,42453000,1009075,3857000,13391000,3849000,173940000,2245300,2463975,5415750,454100,896000
US,US-NJ,NJ-7,1207100,1056200,87956000,2065875,7884400,27385000,7877500,353377500,4586900,5009475,11043000,934300,1845000
US,US-NJ,NJ-8,1051700,933500,76272250,1825850,6972300,24138000,6966000,313350000,4049700,4454775,9808500,818250,1615000
US,US-NJ,NJ-9,832600,738900,60469750,1445225,5521300,19127000,5513500,248865000,3209200,3530250,7767000,648250,1280800
US,US-NM,NM-1,541900,478150,39515500,935200,3575400,12436000,3566500,161505000,2084200,2283675,5017500,422600,833400
US,US-NM,NM-2,843200,740500,61551250,1448400,5529600,19228000,5523500,248295000,3219000,3520725,7743000,654050,1291800
US,US-NM,NM-3,490500,432900,35799250,846700,3237800,11266000,3229000,146272500,1887800,2067450,4543500,382600,755400
US,US-NV,NV-1,2749000,2438200,198767000,4768700,18155800,62556000,18195500,808537500,10511100,11542125,25534500,2124900,4213800
US,US-NV,NV-2,1756000,1549700,127088750,3030975,11544100,39873000,11562500,514515000,6692800,7332075,16230750,1359400,2689800
US,US-NV,NV-3,2533600,2241200,183699750,4383450,16701300,57677000,16723000,746415000,9685300,10628025,23481000,1961800,3887400
US,US-NV,NV-4,1363400,1208450,98714250,2363525,9004300,31075000,9017500,402720000,5219800,5734650,12678000,1056500,2094800
US,US-NY,NY-1,760400,672550,55590250,1315425,5033100,17508000,5017000,227805000,2934500,3217125,7060500,593150,1171800
US,US-NY,NY-10,1013000,899850,73430750,1760000,6722200,23250000,6715000,302880000,3903400,4301400,9464250,788050,1557000
US,US-NY,NY-11,837500,740550,60928750,1448475,5534600,19180000,5525000,250065000,3218300,3538200,7769250,649800,1285200
US,US-NY,NY-12,1022700,908400,74122000,1776750,6787300,23481000,6779000,305437500,3941600,4341825,9555750,795900,1571600
US,US-NY,NY-13,566300,502800,40985500,983425,3755300,12989000,3752000,169065000,2180500,2402550,5289000,440550,870000
US,US-NY,NY-14,703900,625250,51409500,1222900,4681600,16247000,4665000,211972500,2725700,2996925,6578250,549800,1086000
US,US-NY,NY-15,622200,553150,45253000,1081850,4136700,14333000,4127500,186742500,2404900,2647425,5819250,485300,957800
US,US-NY,NY-16,762700,678400,56132000,1326900,5092000,17765000,5060500,231532500,2975200,3258375,7137000,599300,1182400
US,US-NY,NY-17,619800,549750,45296750,1075275,4117300,14305000,4101500,186712500,2399200,2635575,5781000,484300,956000
US,US-NY,NY-18,567000,502100,41295500,982100,3755500,13033000,3746000,169822500,2185800,2402025,5275500,441600,872600
US,US-NY,NY-19,903600,794650,65800750,1554225,5927300,20568000,5928000,264240000,3443600,3763875,8308500,700200,1381800
US,US-NY,NY-2,514500,454250,37509750,888500,3400400,11811000,3388500,154642500,1981500,2177850,4770000,400250,791200
US,US-NY,NY-20,590900,522850,42994000,1022675,3907600,13557000,3901000,176085000,2273700,2496150,5490750,460150,908600
US,US-NY,NY-21,400100,353250,29124500,690950,2640900,9170000,2635500,119302500,1537700,1688475,3705750,311000,614200
US,US-NY,NY-22,841900,738950,61153500,1445325,5510200,19121000,5512500,245910000,3202400,3499800,7719000,651100,1284400
US,US-NY,NY-23,449400,396600,32654000,775750,2962100,10276000,2959000,133087500,1723300,1889550,4160250,349400,689200
US,US-NY,NY-24,652500,572850,47549500,1120475,4280600,14868000,4272500,193102500,2492300,2732550,5995500,505650,998200
US,US-NY,NY-25,469100,415200,34224500,812100,3107000,10793000,3097500,140587500,1810000,1987200,4362750,366050,722600
US,US-NY,NY-26,504300,446650,36736500,873575,3341000,11598000,3332000,151162500,1945700,2137725,4695000,393300,776600
US,US-NY,NY-27,348300,307950,25451750,602300,2305700,8015000,2297000,104565000,1344200,1475250,3234750,271950,536200
US,US-NY,NY-3,607000,537650,44214500,1051550,4021000,13951000,4011000,181965000,2340400,2572575,5649000,472950,934800
US,US-NY,NY-4,591200,524000,43067000,1024900,3919700,13599000,3909500,177487500,2281700,2508900,5507250,460600,910800
US,US-NY,NY-5,530600,470200,38698500,919700,3519200,12210000,3508000,159532500,2048900,2253525,4942500,413350,818000
US,US-NY,NY-6,468500,415750,34143500,813125,3110800,10784000,3102000,140940000,1810200,1992300,4370250,365000,722200
US,US-NY,NY-7,743500,660650,53922750,1292175,4936800,17075000,4930000,222795000,2867300,3160650,6952500,578750,1144400
US,US-NY,NY-8,319800,283200,23292000,553925,2118700,7346000,2113000,95917500,1232700,1356300,2975250,248950,492200
US,US-NY,NY-9,547100,486850,39966500,952250,3646500,12663000,3633000,165240000,2124500,2333925,5130000,427800,848400
US,US-OH,OH-1,1039900,916250,75580250,1792050,6840600,23691000,6835000,307027500,3975000,4354275,9597000,806350,1595000
US,US-OH,OH-10,576000,509650,41909750,996800,3811300,13189000,3802000,172680000,2216300,2438250,5352000,447600,886400
US,US-OH,OH-11,750000,663800,54575750,1298300,4965500,17173000,4952500,225187500,2886600,3179100,6972750,582650,1154800
US,US-OH,OH-12,887600,780850,63768000,1527225,5824600,20154000,5824000,260790000,3379200,3705300,8164500,687300,1353600
US,US-OH,OH-13,535700,472350,39057000,923925,3532700,12231000,3523500,160200000,2055200,2261175,4952250,415450,823000
US,US-OH,OH-14,709700,627800,51735750,1227875,4697200,16270000,4683500,213195000,2733600,3006375,6590250,551650,1092600
US,US-OH,OH-15,938700,830350,67905750,1624075,6198000,21401000,6195500,278662500,3595700,3953325,8709750,727250,1440000
US,US-OH,OH-16,605500,535500,44069250,1047350,4005400,13870000,3995000,181680000,2330100,2563725,5622750,470450,931600
US,US-OH,OH-2,782200,691900,56824250,1353325,5172700,17911000,5162000,233857500,3008300,3306300,7261500,607800,1201800
US,US-OH,OH-3,706400,627200,51046250,1226700,4682400,16136000,4680500,210847500,2713700,2991525,6585750,547400,1084600
US,US-OH,OH-4,594500,525750,43136750,1028350,3929300,13594000,3922500,177600000,2283700,2513550,5518500,461350,912600
US,US-OH,OH-5,591600,521100,43137750,1019250,3897900,13492000,3887000,177090000,2268000,2497575,5460000,458300,908200
US,US-OH,OH-6,415900,367200,30291000,718225,2745200,9507000,2739500,124207500,1596800,1755525,3849750,322700,638800
US,US-OH,OH-7,544600,482200,39563750,943125,3605300,12469000,3597500,163282500,2095500,2306550,5064750,423100,838000
US,US-OH,OH-8,517800,459050,37690250,897825,3433600,11878000,3425000,155587500,1996600,2197200,4824000,402550,799200
US,US-OH,OH-9,483400,426150,35243000,833475,3188200,11037000,3178500,144915000,1855100,2041950,4467750,374800,742600
US,US-OK,OK-1,665000,592550,48160250,1158900,4424600,15269000,4422500,199552500,2567000,2831250,6231000,516900,1024000
US,US-OK,OK-2,366900,325950,26576750,637550,2434700,8417000,2432500,109890000,1414200,1557525,3425250,285200,564000
US,US-OK,OK-3,377700,335450,27439500,656075,2507100,8671000,2503000,113340000,1456700,1604400,3525000,293750,581600
US,US-OK,OK-4,445300,395750,32280250,774075,2956300,10219000,2953500,133395000,1716800,1891575,4159500,346300,684800
US,US-OK,OK-5,852800,756000,61790500,1478625,5644700,19503000,5641000,254205000,3276000,3607575,7930500,661200,1306400
US,US-OR,OR-1,665200,590350,48670000,1154700,4422500,15426000,4403500,201030000,2585900,2829900,6213000,520850,1031600
US,US-OR,OR-2,693400,611750,50505250,1196550,4573200,15911000,4563500,206242500,2666200,2918925,6421500,540250,1066400
US,US-OR,OR-3,776200,687750,56603750,1345225,5146800,17903000,5130500,233100000,3001800,3293100,7231500,606750,1197000
US,US-OR,OR-4,516400,456650,37654000,893200,3417100,11882000,3406500,154882500,1992700,2186625,4799250,403050,795600
US,US-OR,OR-5,655400,580700,47808500,1135775,4345800,15116000,4332000,197070000,2535300,2781150,6105750,511900,1012200
US,US-PA,PA-1,1588800,1401300,116428750,2740900,10488300,36533000,10451500,475200000,6122400,6694125,14700000,1236900,2449200
US,US-PA,PA-10,996000,873250,73110250,1708075,6542500,22791000,6511000,298725000,3823100,4188825,9137250,773800,1528400
US,US-PA,PA-11,855400,750250,62848000,1467425,5623300,19596000,5593500,257257500,3287700,3602775,7854000,665350,1314200
US,US-PA,PA-12,762400,668300,55792500,1307200,5002900,17416000,4983500,227947500,2921700,3205425,7002000,591800,1168200
US,US-PA,PA-13,759300,665050,55823000,1300825,4985700,17382000,4958500,228300000,2916100,3194850,6958500,590450,1165600
US,US-PA,PA-14,953100,836900,70250500,1636975,6280900,21930000,6239500,288397500,3678700,4026225,8770500,743300,1468800
US,US-PA,PA-15,607200,532450,44660750,1041450,3992800,13925000,3969500,183022500,2336200,2559675,5574750,472600,933200
US,US-PA,PA-16,877300,769450,64465750,1505000,5766800,20107000,5737000,263707500,3372600,3692625,8057250,682350,1348400
US,US-PA,PA-17,798700,701700,58534500,1372550,5257600,18313000,5232500,239985000,3071400,3366675,7357500,621100,1228400
US,US-PA,PA-18,1433700,1259000,105077500,2462600,9432700,32847000,9388000,430440000,5509800,6038625,13196250,1115250,2204200
US,US-PA,PA-2,999200,875300,73317000,1712075,6560500,22850000,6526000,300090000,3834000,4201050,9161250,776050,1532600
US,US-PA,PA-3,1145200,1002000,83818000,1959875,7505300,26110000,7470500,342525000,4380800,4804725,10482000,887800,1751200
US,US-PA,PA-4,1217700,1074000,89308250,2100725,8048700,28051000,8009500,367050000,4704300,5150400,11279250,949600,1880400
US,US-PA,PA-5,1156700,1016300,84806750,1987850,7617200,26549000,7578000,348127500,4452600,4876950,10656750,899700,1779800
US,US-PA,PA-6,1139800,1003350,83427000,1962525,7512600,26158000,7482500,341632500,4386600,4804125,10523250,886800,1753800
US,US-PA,PA-7,960700,844100,70488500,1651100,6326300,22040000,6294500,289215000,3697600,4051500,8849250,747050,1478000
US,US-PA,PA-8,937700,820600,68892750,1605050,6148100,21421000,6118000,281010000,3594300,3938550,8585250,727700,1438600
US,US-PA,PA-9,744700,652250,54750250,1275825,4888900,17041000,4863000,223755000,2859300,3132900,6827250,578750,1143400
US,US-RI,RI-1,377600,334200,27479500,653625,2499700,8674000,2493000,113220000,1455600,1600275,3513750,294500,581200
US,US-RI,RI-2,339600,300150,24746750,587050,2245900,7801000,2239000,101872500,1308900,1437750,3153750,264850,522800
US,US-SC,SC-1,1360700,1202350,98942750,2351750,8991000,31156000,8969000,408735000,5235000,5761875,12624750,1057850,2091600
US,US-SC,SC-2,1168300,1037350,84727500,2028975,7751100,26804000,7740500,351840000,4506600,4971000,10911000,909100,1799200
US,US-SC,SC-3,721600,637650,52526500,1247200,4770000,16522000,4756500,217230000,2777400,3059400,6693000,560650,1109200
US,US-SC,SC-4,1044800,925900,75990250,1810975,6924100,23978000,6907500,315120000,4031800,4440750,9731250,813050,1609800
US,US-SC,SC-5,1299100,1149450,94486500,2248275,8594500,29772000,8574500,390990000,5004800,5511600,12073500,1011400,1997800
US,US-SC,SC-6,848900,753250,61496500,1473325,5626400,19452000,5620500,255097500,3269300,3607800,7923000,659950,1305600
US,US-SC,SC-7,1176100,1043350,85396250,2040675,7797700,27024000,7784000,354045000,4540800,4999575,10976250,918450,1811000
US,US-SD,SD-AT LARGE,438300,386800,31818750,756500,2887900,10030000,2885500,129652500,1680400,1842075,4052250,341350,670200
US,US-TN,TN-1,940800,825500,68024250,1614550,6151400,21322000,6158000,274125000,3573600,3904425,8627250,727600,1434800
US,US-TN,TN-2,1045600,917450,75510250,1794400,6835200,23680000,6844000,304342500,3969000,4336800,9590250,808350,1594600
US,US-TN,TN-3,920700,807750,66511000,1579850,6018900,20854000,6025500,268215000,3495600,3819750,8442000,711800,1403800
US,US-TN,TN-4,1005200,884100,72639250,1729125,6586800,22790000,6595500,293437500,3822100,4181550,9245250,776800,1535000
US,US-TN,TN-5,2261500,1990100,163702250,3892400,14827700,51325000,14848000,660255000,8605200,9415650,20821500,1749500,3455400
US,US-TN,TN-6,908700,797000,65625250,1558850,5937500,20573000,5945500,264292500,3447800,3766200,8329500,702250,1385200
US,US-TN,TN-7,912100,801100,65979500,1566800,5969600,20674000,5976000,266047500,3465900,3789375,8376750,705350,1392800
US,US-TN,TN-8,715900,627900,51712750,1228075,4676700,16201000,4684000,207915000,2715100,2964975,6561750,553000,1091600
US,US-TN,TN-9,1378500,1218600,99650000,2383425,9078300,31331000,9094000,404512500,5259800,5770275,12765000,1065350,2111600
US,US-TX,TX-1,436700,388500,31697750,759875,2903300,10033000,2899500,131197500,1686800,1858575,4086000,339900,674000
US,US-TX,TX-10,936900,832100,68120500,1627500,6218800,21504000,6209000,280957500,3614100,3977775,8745000,728600,1444800
US,US-TX,TX-11,422900,375550,30732250,734525,2807000,9710000,2802500,126930000,1631700,1796550,3946500,328900,651600
US,US-TX,TX-12,585700,521900,42515750,1020775,3900300,13462000,3895000,176317500,2265500,2497350,5490750,455850,906000
US,US-TX,TX-13,384800,342200,27965250,669250,2557800,8841000,2553500,115687500,1486300,1637175,3597750,299450,593600
US,US-TX,TX-14,449700,399550,32673250,781450,2986300,10325000,2981500,135030000,1735600,1911225,4200000,349900,693200
US,US-TX,TX-15,522200,466550,37865000,912500,3486200,12010000,3482500,157575000,2023400,2233650,4915500,406350,811200
US,US-TX,TX-16,570600,509350,41296250,996250,3803100,13099000,3802000,171397500,2205400,2434125,5361000,443400,881400
US,US-TX,TX-17,440000,390950,31946000,764600,2920500,10090000,2917500,131775000,1696400,1868100,4109250,342050,678600
US,US-TX,TX-18,1439500,1288850,103995500,2520775,9616700,33054000,9621000,432757500,5568800,6150825,13565250,1118250,2220200
US,US-TX,TX-19,371500,329950,26969250,645350,2465200,8524000,2462000,111285000,1432300,1577025,3468000,288900,572200
US,US-TX,TX-2,635900,564850,46155000,1104725,4219700,14584000,4215000,190462500,2451300,2699025,5937000,494500,979800
US,US-TX,TX-20,453100,402550,32873500,787350,3007000,10391000,3004000,135645000,1746300,1923075,4230000,352300,697400
US,US-TX,TX-21,864300,768000,62764250,1502075,5739100,19836000,5730500,259537500,3334800,3672675,8071500,672200,1331400
US,US-TX,TX-22,858800,762900,62479750,1492100,5701800,19732000,5692500,257415000,3315100,3645000,8020500,668500,1325600
US,US-TX,TX-23,793700,704150,57631500,1377200,5256700,18171000,5254500,236190000,3052300,3355125,7389000,616350,1220800
US,US-TX,TX-24,1110400,986900,80773500,1930275,7378900,25522000,7364500,333705000,4290400,4721625,10380000,864700,1716400
US,US-TX,TX-25,1023900,910900,74284250,1781600,6806000,23505000,6797500,307680000,3953000,4356375,9579750,796200,1578400
US,US-TX,TX-26,627300,556850,45592500,1089125,4162700,14413000,4155000,188175000,2421000,2663400,5855250,488550,967200
US,US-TX,TX-27,881200,785100,63755500,1535575,5861400,20205000,5859500,264225000,3399400,3750975,8259000,684600,1357200
US,US-TX,TX-28,649500,578150,47123750,1130800,4319700,14917000,4314500,195045000,2508200,2763675,6081000,505000,1001600
US,US-TX,TX-29,420000,373750,30441750,730975,2791300,9635000,2789000,125910000,1620200,1785825,3930000,326500,647600
US,US-TX,TX-3,819900,728450,59705000,1424775,5447400,18853000,5435500,246472500,3168500,3484200,7664250,638500,1267600
US,US-TX,TX-30,1283200,1146950,92752500,2243275,8561100,29487000,8561500,385620000,4961000,5479200,12081000,997500,1978600
US,US-TX,TX-31,790100,699050,57504500,1367250,5223500,18087000,5215500,235500000,3037300,3335625,7335750,614200,1215400
US,US-TX,TX-32,1511200,1346000,109532750,2632575,10043300,34659000,10046000,450570000,5823300,6410700,14149500,1173550,2327800
US,US-TX,TX-33,562800,500450,40946500,978775,3741900,12945000,3734500,169222500,2175800,2394450,5263500,438350,870400
US,US-TX,TX-34,333900,297000,24189750,580850,2218100,7653000,2216500,100080000,1287000,1419375,3121500,259450,514200
US,US-TX,TX-35,310600,275900,22512000,539675,2060700,7117000,2059000,92940000,1196400,1318350,2898750,241300,477800
US,US-TX,TX-36,534200,474050,38836000,927150,3543500,12266000,3537000,160245000,2060700,2267550,4982250,415900,823200
US,US-TX,TX-4,799000,710500,58117500,1389600,5312100,18384000,5301500,240225000,3089100,3398700,7470750,622150,1233400
US,US-TX,TX-5,764000,679950,55556500,1329900,5083600,17583000,5074000,229822500,2954800,3252075,7150500,594800,1179400
US,US-TX,TX-6,777700,690750,56615750,1351025,5164700,17876000,5154500,233437500,3003700,3303300,7259250,605500,1200800
US,US-TX,TX-7,1287000,1145350,93455250,2240125,8552900,29523000,8548000,384802500,4965800,5463450,12042000,1000500,1990800
US,US-TX,TX-8,691700,612750,50326500,1198475,4581500,15877000,4571500,207345000,2666700,2931525,6435000,538400,1064800
US,US-TX,TX-9,548300,487000,39807250,952500,3637200,12565000,3634000,163935000,2111800,2324850,5115000,425950,844200
US,US-UT,UT-1,613500,546300,44862250,1068550,4093400,14211000,4076500,185812500,2384200,2620275,5748750,479750,950600
US,US-UT,UT-2,1174500,1048250,85551000,2050200,7844600,27162000,7823000,354952500,4560200,5020275,11033250,916600,1817200
US,US-UT,UT-3,553100,492550,40410500,963350,3689200,12796000,3675000,167272500,2147500,2360850,5181000,432100,856400
US,US-UT,UT-4,718100,639650,52460750,1251050,4787600,16607000,4773000,216322500,2785600,3059400,6721500,560450,1111000
US,US-VA,VA-1,653400,580000,47434250,1134375,4333200,14980000,4328000,195547500,2516400,2771250,6095250,507700,1005800
US,US-VA,VA-10,1454100,1285250,105578250,2513825,9588000,33157000,9591000,428805000,5561200,6105300,13479000,1126700,2233000
US,US-VA,VA-11,1202100,1067700,87362500,2088250,7974500,27551000,7968000,358890000,4628300,5094750,11217000,933500,1853400
US,US-VA,VA-2,1470900,1303400,106644000,2549375,9727200,33601000,9726500,436905000,5643400,6207900,13683750,1140550,2258600
US,US-VA,VA-3,569700,506100,41284250,989875,3779500,13043000,3777000,170452500,2192400,2417925,5318250,442050,875800
US,US-VA,VA-4,900500,799300,65239750,1563275,5966500,20603000,5965000,268552500,3461000,3814350,8406000,699250,1386000
US,US-VA,VA-5,697300,617300,50646000,1207400,4609500,15934000,4606500,207202500,2676100,2941125,6475500,541200,1070600
US,US-VA,VA-6,617300,548350,44849750,1072500,4099400,14169000,4092000,185617500,2382000,2625525,5764500,479950,951200
US,US-VA,VA-7,889000,784150,64518250,1533675,5847300,20233000,5851000,261637500,3393000,3724575,8225250,688550,1364000
US,US-VA,VA-8,1534100,1364600,111241000,2668950,10192900,35206000,10184000,459540000,5917200,6520200,14355750,1192500,2365600
US,US-VA,VA-9,469500,417150,34020500,815900,3116300,10760000,3113000,140805000,1809000,1995375,4386000,364600,722400
US,US-VT,VT-AT LARGE,616600,549850,44636250,1075425,4107400,14145000,4104000,185872500,2381400,2632275,5787750,478750,949800
US,US-WA,WA-1,852200,755800,61945000,1478275,5649300,19543000,5639500,255247500,3283200,3613725,7941000,663250,1310800
US,US-WA,WA-10,720900,639100,52391500,1250050,4775800,16516000,4769000,215632500,2775400,3054150,6711750,560500,1109000
US,US-WA,WA-2,627100,557250,45539500,1089900,4165500,14390000,4158000,188475000,2419700,2667300,5861250,487900,966400
US,US-WA,WA-3,746800,660150,54337750,1291150,4933300,17080000,4925000,222675000,2868400,3152250,6920250,579550,1146000
US,US-WA,WA-4,454000,404250,32902250,790650,3020200,10412000,3017000,136477500,1752100,1933275,4251750,352700,699400
US,US-WA,WA-5,669600,591750,48392750,1157425,4415600,15261000,4415500,198127500,2562800,2814750,6208500,519250,1026800
US,US-WA,WA-6,757400,671500,55122000,1313325,5021400,17385000,5009500,227700000,2922000,3216525,7056000,589950,1166000
US,US-WA,WA-7,1113300,987750,80831500,1931875,7380500,25515000,7370000,332977500,4287200,4720875,10380750,866100,1712000
US,US-WA,WA-8,916200,807000,66725250,1578425,6016300,20843000,6021000,267757500,3492000,3819000,8429250,709350,1401800
US,US-WA,WA-9,1008000,895350,73197250,1751225,6689400,23114000,6681500,301717500,3885000,4276050,9411750,783800,1553800
US,US-WI,WI-1,1183500,1037250,86628000,2028775,7761500,27021000,7734500,351525000,4529400,4949625,10850250,918500,1815600
US,US-WI,WI-2,1325700,1167300,96860750,2283200,8736900,30393000,8705500,396577500,5098300,5580600,12245250,1031300,2039800
US,US-WI,WI-3,1016100,893600,74364500,1747825,6691800,23309000,6663500,304582500,3908900,4278825,9366750,790750,1563000
US,US-WI,WI-4,1540500,1349600,113061250,2639775,10118700,35262000,10062500,462862500,5915600,6472950,14140500,1196700,2368800
US,US-WI,WI-5,1070600,940250,78372250,1839125,7043400,24534000,7011500,320752500,4114300,4502925,9855750,832300,1646000
US,US-WI,WI-6,1020900,896400,74656750,1753350,6711400,23373000,6684500,304995000,3919300,4287975,9393000,793850,1568400
US,US-WI,WI-7,866100,760900,63370250,1488300,5698000,19835000,5674000,259522500,3327800,3643200,7971000,673450,1331200
US,US-WI,WI-8,1025800,900750,75135500,1761875,6744000,23498000,6717000,306405000,3939300,4306650,9432000,797350,1577000
US,US-WV,WV-1,532600,466600,38579500,912575,3478800,12083000,3480000,155017500,2022900,2206575,4881000,412800,812600
US,US-WV,WV-2,614900,539400,44575500,1054975,4021800,13972000,4023500,178905000,2338400,2549550,5640750,476900,938600
US,US-WV,WV-3,524600,459600,38007750,898950,3424800,11893000,3428500,151890000,1990400,2168250,4799250,406100,798600
US,US-WY,WY-AT LARGE,385100,339450,27857250,663900,2535000,8805000,2532000,114015000,1476100,1617000,3561000,300250,589800
